City_ID,City,Lat,Lng,Max Temp,Humidity,Cloudiness,Wind Speed,Country,Date
0,bishoftu,8.75,38.9833,19.63,40,100,1.14,ET,Sat Jun 10 11:22:53 2023
1,port-aux-francais,-49.35,70.2167,3.94,57,76,10.39,TF,Sat Jun 10 11:22:53 2023
2,odlabari,26.8333,88.6167,25.92,85,16,1.6,IN,Sat Jun 10 11:19:22 2023
3,paradip garh,20.3167,86.6167,32.21,49,100,4.35,IN,Sat Jun 10 11:22:54 2023
4,west island,-12.1568,96.8225,25.99,83,40,8.82,CC,Sat Jun 10 11:22:54 2023
5,lihue,21.9789,-159.3672,21.92,84,100,4.62,US,Sat Jun 10 11:22:54 2023
6,hawaiian paradise park,19.5933,-154.9731,21.13,92,40,2.57,US,Sat Jun 10 11:22:54 2023
7,adamstown,-25.066,-130.1015,20.63,56,76,7.1,PN,Sat Jun 10 11:22:54 2023
8,ushuaia,-54.8,-68.3,4.81,75,40,10.8,AR,Sat Jun 10 11:22:54 2023
9,hermanus,-34.4187,19.2345,16.56,74,77,1.4,ZA,Sat Jun 10 11:22:54 2023
10,revda,56.801,59.9303,14.85,92,77,2.99,RU,Sat Jun 10 11:22:54 2023
11,cabedelo,-6.9811,-34.8339,30.37,68,12,5.83,BR,Sat Jun 10 11:22:54 2023
12,port lincoln,-34.7333,135.8667,14.01,66,90,4.24,AU,Sat Jun 10 11:22:54 2023
13,broome,42.2506,-75.833,17.83,86,100,2.68,US,Sat Jun 10 11:22:55 2023
14,georgetown,5.4112,100.3354,29.96,81,20,2.06,MY,Sat Jun 10 11:19:26 2023
15,guateque,5.0062,-73.4727,23.12,60,7,2.18,CO,Sat Jun 10 11:22:55 2023
16,tiksi,71.6872,128.8694,3.72,75,22,4.85,RU,Sat Jun 10 11:22:55 2023
17,broken hill,-31.95,141.4333,10.38,63,0,3.16,AU,Sat Jun 10 11:19:38 2023
18,greymouth,-42.4667,171.2,4.65,78,76,2.77,NZ,Sat Jun 10 11:22:55 2023
19,utrik,11.2278,169.8474,27.59,84,100,7.86,MH,Sat Jun 10 11:22:55 2023
20,coquimbo,-29.9533,-71.3436,13.85,100,100,1.54,CL,Sat Jun 10 11:22:55 2023
21,bilibino,68.0546,166.4372,13.17,48,20,0.79,RU,Sat Jun 10 11:22:55 2023
22,iquique,-20.2208,-70.1431,20.02,62,0,1.96,CL,Sat Jun 10 11:13:59 2023
23,pisco,-13.7,-76.2167,21.03,73,100,3.6,PE,Sat Jun 10 11:22:56 2023
24,atafu village,-8.5421,-172.5159,28.69,78,62,7.56,TK,Sat Jun 10 11:22:56 2023
25,dolores,-36.3132,-57.6792,11.37,42,97,5.61,AR,Sat Jun 10 11:22:56 2023
26,usogorsk,63.4106,48.6872,7.06,63,96,4.96,RU,Sat Jun 10 11:22:56 2023
27,uzgen,40.7699,73.3007,26.16,47,0,2.47,KG,Sat Jun 10 11:22:56 2023
28,waitangi,-43.9535,-176.5597,11.57,91,27,6.23,NZ,Sat Jun 10 11:22:57 2023
29,wailua homesteads,22.0669,-159.378,21.59,91,100,4.2,US,Sat Jun 10 11:22:57 2023
30,vorgashor,67.5833,63.95,9.18,78,100,6.1,RU,Sat Jun 10 11:22:57 2023
31,nemuro,43.3236,145.575,9.53,96,99,0.99,JP,Sat Jun 10 11:22:57 2023
32,blackmans bay,-43.0167,147.3167,11.07,78,58,3.19,AU,Sat Jun 10 11:22:57 2023
33,flying fish cove,-10.4217,105.6791,24.82,88,100,4.63,CX,Sat Jun 10 11:22:57 2023
34,talnakh,69.4865,88.3972,5.67,56,5,3.53,RU,Sat Jun 10 11:22:57 2023
35,kapuskasing,49.4169,-82.4331,9.05,76,100,6.17,CA,Sat Jun 10 11:22:57 2023
36,shimoda,34.6667,138.95,20.61,93,100,1.67,JP,Sat Jun 10 11:22:57 2023
37,arraial do cabo,-22.9661,-42.0278,28.98,54,0,2.06,BR,Sat Jun 10 11:22:58 2023
38,vrede,-27.4257,29.1659,11.39,27,0,1.6,ZA,Sat Jun 10 11:22:58 2023
39,pitomaca,45.9506,17.2294,22.56,74,99,2.65,HR,Sat Jun 10 11:22:58 2023
40,whitehorse,60.7161,-135.0538,10.61,61,20,5.14,CA,Sat Jun 10 11:22:58 2023
41,khandyga,62.6667,135.6,12.25,60,100,1.4,RU,Sat Jun 10 11:22:58 2023
42,anuradhapura,8.3565,80.4173,27.29,77,100,5.58,LK,Sat Jun 10 11:22:58 2023
43,anadyr,64.75,177.4833,3.28,74,0,0.0,RU,Sat Jun 10 11:22:58 2023
44,yeppoon,-23.1333,150.7333,14.88,85,0,3.9,AU,Sat Jun 10 11:22:58 2023
45,neiafu,-18.65,-173.9833,22.38,94,75,3.6,TO,Sat Jun 10 11:22:58 2023
46,san severino marche,43.2281,13.1802,21.31,83,87,0.92,IT,Sat Jun 10 11:22:59 2023
47,grytviken,-54.2811,-36.5092,1.89,99,100,4.77,GS,Sat Jun 10 11:22:59 2023
48,balikpapan,-1.2675,116.8289,28.55,84,40,1.54,ID,Sat Jun 10 11:22:59 2023
49,iskateley,67.6803,53.1512,5.8,59,100,9.15,RU,Sat Jun 10 11:22:59 2023
50,kiunga,-6.1219,141.2906,22.27,99,99,0.94,PG,Sat Jun 10 11:22:59 2023
51,tura,25.5198,90.2201,24.4,92,100,1.58,IN,Sat Jun 10 11:18:59 2023
52,bozhou,33.8772,115.7703,26.01,28,16,2.88,CN,Sat Jun 10 11:22:59 2023
53,umluj,25.0213,37.2685,32.97,44,0,4.21,SA,Sat Jun 10 11:22:59 2023
54,peniche,39.3558,-9.3811,23.38,81,97,5.14,PT,Sat Jun 10 11:20:25 2023
55,marseillan,43.3562,3.528,30.55,73,37,6.17,FR,Sat Jun 10 11:22:59 2023
56,dingwall,57.5953,-4.4272,22.16,66,77,3.92,GB,Sat Jun 10 11:22:59 2023
57,bethel,41.3712,-73.414,21.75,62,0,4.12,US,Sat Jun 10 11:18:15 2023
58,east london,-33.0153,27.9116,17.66,58,2,2.92,ZA,Sat Jun 10 11:20:48 2023
59,dhidhdhoo,6.8833,73.1,29.06,79,83,7.22,MV,Sat Jun 10 11:23:00 2023
60,puerto natales,-51.7236,-72.4875,4.25,60,40,7.2,CL,Sat Jun 10 11:21:30 2023
61,albany,42.6001,-73.9662,19.59,65,19,2.92,US,Sat Jun 10 11:20:21 2023
62,herceg novi,42.4531,18.5375,24.49,69,20,2.06,ME,Sat Jun 10 11:20:07 2023
63,ishigaki,24.3448,124.1572,27.07,94,98,0.51,JP,Sat Jun 10 11:23:00 2023
64,aasiaat,68.7098,-52.8699,4.11,75,100,12.73,GL,Sat Jun 10 11:23:00 2023
65,ngorongoro,-3.2397,35.4875,15.92,59,37,3.17,TZ,Sat Jun 10 11:23:00 2023
66,haiku-pauwela,20.9219,-156.3051,23.91,70,0,5.14,US,Sat Jun 10 11:23:00 2023
67,margaret river,-33.95,115.0667,14.92,59,97,8.1,AU,Sat Jun 10 11:23:00 2023
68,kone,-21.0595,164.8658,18.46,84,19,2.01,NC,Sat Jun 10 11:23:01 2023
69,narasannapeta,18.4167,84.05,31.47,66,100,5.27,IN,Sat Jun 10 11:23:01 2023
70,novoshakhtinskiy,44.025,132.1514,11.82,96,96,2.54,RU,Sat Jun 10 11:23:01 2023
71,lebu,-37.6167,-73.65,10.33,68,46,5.41,CL,Sat Jun 10 11:23:01 2023
72,punta arenas,-53.15,-70.9167,4.06,75,0,9.26,CL,Sat Jun 10 11:19:15 2023
73,hami,42.8,93.45,32.49,10,1,1.66,CN,Sat Jun 10 11:23:01 2023
74,belmonte,-15.8631,-38.8828,26.45,69,25,1.77,BR,Sat Jun 10 11:23:01 2023
75,antonio enes,-16.2325,39.9086,25.56,71,0,4.46,MZ,Sat Jun 10 11:23:01 2023
76,hadibu,12.65,54.0333,29.56,74,81,7.61,YE,Sat Jun 10 11:23:01 2023
77,santa catalina,9.3337,122.8637,25.99,87,100,2.15,PH,Sat Jun 10 11:23:01 2023
78,gornozavodsk,58.3758,58.3211,12.42,60,42,5.25,RU,Sat Jun 10 11:23:02 2023
79,udachny,66.4167,112.4,9.14,100,100,7.7,RU,Sat Jun 10 11:23:02 2023
80,iqaluit,63.7506,-68.5145,2.85,86,100,9.77,CA,Sat Jun 10 11:23:02 2023
81,chonchi,-42.6128,-73.8092,8.95,82,70,2.2,CL,Sat Jun 10 11:23:02 2023
82,eirunepe,-6.6603,-69.8736,27.49,84,92,0.95,BR,Sat Jun 10 11:23:02 2023
83,kimbe,-5.5502,150.1429,24.26,91,98,1.85,PG,Sat Jun 10 11:23:02 2023
84,sur,22.5667,59.5289,33.47,45,97,1.89,OM,Sat Jun 10 11:23:02 2023
85,puerto baquerizo moreno,-0.9,-89.6,27.55,83,40,6.17,EC,Sat Jun 10 11:23:02 2023
86,tikhvin,59.6451,33.5294,13.45,36,82,3.45,RU,Sat Jun 10 11:23:03 2023
87,olyokminsk,60.3736,120.4264,16.85,61,3,2.33,RU,Sat Jun 10 11:23:03 2023
88,xifeng,42.7372,124.7222,13.57,90,100,1.57,CN,Sat Jun 10 11:23:03 2023
89,jamestown,42.097,-79.2353,21.4,49,0,5.14,US,Sat Jun 10 11:23:03 2023
90,robore,-18.3333,-59.75,29.96,50,0,4.57,BO,Sat Jun 10 11:23:03 2023
91,kupang,-10.1667,123.5833,25.44,79,12,5.92,ID,Sat Jun 10 11:21:40 2023
92,leh,34.1667,77.5833,12.4,39,41,3.67,IN,Sat Jun 10 11:23:03 2023
93,tlahualilo de zaragoza,26.1167,-103.45,29.19,23,4,4.92,MX,Sat Jun 10 11:23:03 2023
94,qaqortoq,60.7167,-46.0333,6.47,65,89,2.41,GL,Sat Jun 10 11:23:04 2023
95,fale old settlement,-9.3852,-171.2468,28.36,81,72,7.51,TK,Sat Jun 10 11:23:04 2023
96,lae,-6.7221,146.9847,24.11,85,47,1.93,PG,Sat Jun 10 11:23:04 2023
97,zeya,53.75,127.2667,15.07,83,7,1.75,RU,Sat Jun 10 11:23:04 2023
98,kenai,60.5544,-151.2583,7.86,94,100,0.0,US,Sat Jun 10 11:23:04 2023
99,hithadhoo,-0.6,73.0833,28.92,72,59,3.42,MV,Sat Jun 10 11:23:04 2023
100,mattarello,46.0079,11.1285,26.72,64,20,3.6,IT,Sat Jun 10 11:23:04 2023
101,vilyuchinsk,52.9306,158.4028,12.15,71,68,4.55,RU,Sat Jun 10 11:23:04 2023
102,cabo san lucas,22.8909,-109.9124,31.17,16,0,4.12,MX,Sat Jun 10 11:23:05 2023
103,al kharijah,25.4514,30.5464,36.16,16,0,6.47,EG,Sat Jun 10 11:23:05 2023
104,thompson,55.7435,-97.8558,18.09,42,40,3.6,CA,Sat Jun 10 11:23:05 2023
105,stanley,54.868,-1.6985,23.19,69,0,4.12,GB,Sat Jun 10 11:23:05 2023
106,puerto lempira,15.2667,-83.7667,31.08,66,40,0.0,HN,Sat Jun 10 11:23:05 2023
107,bredasdorp,-34.5322,20.0403,16.01,67,33,0.19,ZA,Sat Jun 10 11:23:05 2023
108,wanxian,30.8039,108.3897,25.52,88,92,2.29,CN,Sat Jun 10 11:23:05 2023
109,chibougamau,49.9168,-74.3659,17.79,55,40,1.54,CA,Sat Jun 10 11:23:05 2023
110,enewetak,11.3474,162.3373,28.07,79,98,5.71,MH,Sat Jun 10 11:23:05 2023
111,lagos,6.5833,3.75,28.05,77,100,3.91,NG,Sat Jun 10 11:11:33 2023
112,ust'-uda,54.1742,103.0304,18.95,77,66,1.89,RU,Sat Jun 10 11:23:06 2023
113,villa regina,-39.1,-67.0667,9.99,25,6,9.02,AR,Sat Jun 10 11:23:06 2023
114,arraias,-12.9288,-46.9437,31.63,32,0,2.39,BR,Sat Jun 10 11:23:06 2023
115,wotho,10.1657,166.0102,28.0,79,100,6.88,MH,Sat Jun 10 11:23:06 2023
116,vorkuta,67.5,64.0,9.49,76,100,6.2,RU,Sat Jun 10 11:23:06 2023
117,petropavlovsk-kamchatsky,53.0452,158.6483,11.33,54,75,3.0,RU,Sat Jun 10 11:23:06 2023
118,chulakkurgan,43.765,69.1814,26.99,21,23,5.83,KZ,Sat Jun 10 11:20:20 2023
119,labrador city,52.9463,-66.9114,15.95,63,40,2.57,CA,Sat Jun 10 11:23:06 2023
120,port augusta,-32.5,137.7667,11.04,64,0,2.16,AU,Sat Jun 10 11:19:41 2023
121,chos malal,-37.3781,-70.2709,6.05,47,0,5.27,AR,Sat Jun 10 11:23:07 2023
122,richards bay,-28.783,32.0377,18.41,60,6,3.17,ZA,Sat Jun 10 11:23:07 2023
123,nuku'alofa,-21.1333,-175.2,17.19,94,20,1.54,TO,Sat Jun 10 11:23:07 2023
124,edinburgh of the seven seas,-37.0676,-12.3116,14.2,73,68,8.85,SH,Sat Jun 10 11:23:07 2023
125,ninghai,29.2892,121.4247,22.58,95,98,0.89,CN,Sat Jun 10 11:23:07 2023
126,dhuusamarreeb,5.535,46.3861,34.3,32,87,7.37,SO,Sat Jun 10 11:23:07 2023
127,keflavik,64.0049,-22.5624,9.24,57,40,7.72,IS,Sat Jun 10 11:23:07 2023
128,avarua,-21.2078,-159.775,22.03,100,40,0.51,CK,Sat Jun 10 11:23:07 2023
129,gero,-8.7039,121.1881,22.07,92,29,1.08,ID,Sat Jun 10 11:23:07 2023
130,ribeira grande,38.5167,-28.7,21.54,56,20,6.69,PT,Sat Jun 10 11:23:08 2023
131,christchurch,-43.5333,172.6333,9.41,88,18,0.51,NZ,Sat Jun 10 11:18:37 2023
132,queenstown,-31.8976,26.8753,11.53,34,0,1.66,ZA,Sat Jun 10 11:23:08 2023
133,zemio,5.0314,25.1361,29.1,55,100,0.42,CF,Sat Jun 10 11:23:08 2023
134,quesnel,52.9999,-122.5029,15.28,100,100,1.03,CA,Sat Jun 10 11:23:06 2023
135,portland,45.5234,-122.6762,16.12,81,75,1.34,US,Sat Jun 10 11:20:19 2023
136,daru,-9.0763,143.2092,25.35,85,44,5.83,PG,Sat Jun 10 11:23:08 2023
137,port mathurin,-19.6833,63.4167,24.83,73,3,10.25,MU,Sat Jun 10 11:23:08 2023
138,houghton,47.1219,-88.569,13.71,91,100,6.17,US,Sat Jun 10 11:20:00 2023
139,podporozh'ye,60.9112,34.1706,14.35,38,94,2.78,RU,Sat Jun 10 11:23:09 2023
140,crane,31.3974,-102.3501,28.75,32,81,5.23,US,Sat Jun 10 11:23:09 2023
141,jayapura,-2.5333,140.7,25.66,89,75,2.48,ID,Sat Jun 10 11:23:09 2023
142,livingstone,-17.8419,25.8543,28.94,16,7,3.96,ZM,Sat Jun 10 11:23:09 2023
143,ancud,-41.8697,-73.8203,8.01,73,80,3.38,CL,Sat Jun 10 11:23:09 2023
144,sao vicente,-23.9631,-46.3919,31.98,31,0,1.34,BR,Sat Jun 10 11:23:09 2023
145,masterton,-40.9597,175.6575,4.75,94,0,1.09,NZ,Sat Jun 10 11:23:09 2023
146,gadzhiyevo,69.2551,33.3362,6.79,61,100,3.37,RU,Sat Jun 10 11:23:09 2023
147,teluk nibung,3.001,99.8164,26.15,87,93,0.95,ID,Sat Jun 10 11:23:09 2023
148,mhamid,29.82,-5.72,37.25,9,0,6.76,MA,Sat Jun 10 11:21:14 2023
149,waupaca,44.358,-89.086,21.05,68,100,1.54,US,Sat Jun 10 11:18:25 2023
150,rongelap,11.1635,166.8941,27.67,84,100,6.51,MH,Sat Jun 10 11:23:10 2023
151,fort st. john,56.2499,-120.8529,19.94,56,100,5.14,CA,Sat Jun 10 11:23:10 2023
152,sitka,57.0531,-135.33,9.94,87,100,0.0,US,Sat Jun 10 11:23:10 2023
153,agadez,19.75,10.25,41.02,14,0,2.73,NE,Sat Jun 10 11:23:10 2023
154,portstewart,55.1813,-6.714,21.83,71,100,5.42,GB,Sat Jun 10 11:23:10 2023
155,kodiak,57.79,-152.4072,6.73,93,100,3.6,US,Sat Jun 10 11:23:10 2023
156,isafjordur,66.0755,-23.124,8.02,53,75,2.57,IS,Sat Jun 10 11:20:16 2023
157,tobelo,1.7284,128.0095,26.85,83,44,1.32,ID,Sat Jun 10 11:23:10 2023
158,ta`u,-14.2336,-169.5144,27.64,79,80,6.44,AS,Sat Jun 10 11:23:10 2023
159,vaslui,46.6333,27.7333,25.88,45,91,4.52,RO,Sat Jun 10 11:15:09 2023
160,longonjo,-12.9067,15.2533,28.05,20,13,0.84,AO,Sat Jun 10 11:23:11 2023
161,hubli,15.35,75.1667,25.02,88,75,5.14,IN,Sat Jun 10 11:23:11 2023
162,gisborne,-38.6533,178.0042,11.29,85,91,3.99,NZ,Sat Jun 10 11:23:11 2023
163,languyan,5.2618,120.0807,26.66,84,100,1.8,PH,Sat Jun 10 11:23:11 2023
164,ruzomberok,49.0748,19.3075,19.44,87,88,2.95,SK,Sat Jun 10 11:23:11 2023
165,fort bragg,35.139,-79.006,27.89,35,0,1.54,US,Sat Jun 10 11:22:10 2023
166,linqiong,30.4159,103.4609,26.9,50,90,1.29,CN,Sat Jun 10 11:23:11 2023
167,yanga,18.8333,-96.8,27.17,75,68,0.65,MX,Sat Jun 10 11:23:11 2023
168,andergrove,-21.0833,149.1833,19.8,84,17,4.46,AU,Sat Jun 10 11:23:11 2023
169,ewo,-0.8725,14.8206,29.44,60,93,0.23,CG,Sat Jun 10 11:23:12 2023
170,moapa valley,36.5805,-114.4703,26.97,21,100,0.24,US,Sat Jun 10 11:23:12 2023
171,mount isa,-20.7333,139.5,15.87,36,6,2.06,AU,Sat Jun 10 11:23:12 2023
172,minas de marcona,-15.2119,-75.1103,15.72,69,45,5.64,PE,Sat Jun 10 11:23:12 2023
173,semporna,4.4818,118.6112,26.24,83,100,1.36,MY,Sat Jun 10 11:23:12 2023
174,argo,37.6333,22.7333,25.44,70,93,1.06,GR,Sat Jun 10 11:23:12 2023
175,katsuura,35.1333,140.3,21.18,96,100,2.52,JP,Sat Jun 10 11:23:12 2023
176,lompoc,34.6391,-120.4579,15.99,86,0,3.6,US,Sat Jun 10 11:23:12 2023
177,tazovsky,67.4667,78.7,9.72,45,57,2.49,RU,Sat Jun 10 11:23:12 2023
178,hovd,48.0056,91.6419,24.61,24,8,1.09,MN,Sat Jun 10 11:23:13 2023
179,olonkinbyen,70.9221,-8.7187,2.24,99,100,8.09,SJ,Sat Jun 10 11:23:13 2023
180,sola,-13.8833,167.55,26.37,74,100,5.14,VU,Sat Jun 10 11:23:13 2023
181,vodice,43.7608,15.7828,24.28,80,100,2.97,HR,Sat Jun 10 11:23:13 2023
182,aars,56.804,9.5144,22.1,42,8,4.84,DK,Sat Jun 10 11:23:13 2023
183,hamilton,39.1834,-84.5333,26.79,44,20,3.09,US,Sat Jun 10 11:21:12 2023
184,college,64.8569,-147.8028,13.18,73,40,1.54,US,Sat Jun 10 11:23:13 2023
185,kerikeri,-35.2268,173.9474,8.33,94,9,1.63,NZ,Sat Jun 10 11:23:13 2023
186,invercargill,-46.4,168.35,4.6,87,79,2.65,NZ,Sat Jun 10 11:23:14 2023
187,shagonar,51.5333,92.8,20.43,62,74,1.27,RU,Sat Jun 10 11:23:14 2023
188,hasaki,35.7333,140.8333,21.23,93,100,3.42,JP,Sat Jun 10 11:23:14 2023
189,taro,-8.3862,115.28,23.0,97,68,0.66,ID,Sat Jun 10 11:23:14 2023
190,basciftlik,40.5469,37.1692,15.64,81,90,2.29,TR,Sat Jun 10 11:23:14 2023
191,yellowknife,62.456,-114.3525,13.29,71,75,4.63,CA,Sat Jun 10 11:20:04 2023
192,atamanovka,51.93,113.63,11.24,72,47,1.16,RU,Sat Jun 10 11:23:14 2023
193,papatowai,-46.5619,169.4708,6.12,62,71,2.57,NZ,Sat Jun 10 11:23:14 2023
194,praia da vitoria,38.7333,-27.0667,23.14,60,20,7.85,PT,Sat Jun 10 11:23:14 2023
195,ongwediva,-17.7833,15.7667,28.85,13,4,2.87,NA,Sat Jun 10 11:23:15 2023
196,ouani,-12.1322,44.4258,26.04,73,4,2.94,KM,Sat Jun 10 11:23:15 2023
197,bemidji,47.4736,-94.8803,17.17,88,100,5.66,US,Sat Jun 10 11:23:15 2023
198,san patricio,28.017,-97.5169,31.06,58,1,5.4,US,Sat Jun 10 11:23:15 2023
199,dudinka,69.4058,86.1778,5.9,42,6,2.73,RU,Sat Jun 10 11:23:15 2023
200,patnanungan,14.7833,122.1833,28.74,76,100,6.87,PH,Sat Jun 10 11:23:15 2023
201,yung shue wan,22.2333,114.1167,29.86,81,100,0.45,HK,Sat Jun 10 11:23:15 2023
202,happy valley-goose bay,53.3168,-60.3315,15.17,67,40,2.57,CA,Sat Jun 10 11:23:15 2023
203,port alfred,-33.5906,26.891,16.77,70,0,2.89,ZA,Sat Jun 10 11:23:15 2023
204,port elizabeth,-33.918,25.5701,17.28,77,1,0.89,ZA,Sat Jun 10 11:18:37 2023
205,nandgaon,20.3167,74.65,27.89,59,90,12.66,IN,Sat Jun 10 11:23:16 2023
206,constantia,44.1833,28.65,21.5,80,100,3.39,RO,Sat Jun 10 11:22:56 2023
207,puerto ayora,-0.7393,-90.3518,29.98,91,100,4.47,EC,Sat Jun 10 11:23:16 2023
208,sena madureira,-9.0656,-68.6569,30.78,59,34,1.22,BR,Sat Jun 10 11:23:16 2023
209,la passe,45.5549,-0.8967,28.13,67,9,5.66,FR,Sat Jun 10 11:23:16 2023
210,birobidzhan,48.8,132.95,13.85,93,72,1.48,RU,Sat Jun 10 11:23:16 2023
211,dubbo,-32.25,148.6167,4.07,93,0,4.63,AU,Sat Jun 10 11:23:16 2023
212,country club,25.9482,-80.317,32.23,62,0,2.57,US,Sat Jun 10 11:23:16 2023
213,pangoa,-12.1167,-73.0,24.82,84,28,0.73,PE,Sat Jun 10 11:23:17 2023
214,floro,61.5996,5.0328,24.04,45,7,7.2,NO,Sat Jun 10 11:23:17 2023
215,darnah,32.767,22.6367,22.8,68,4,8.71,LY,Sat Jun 10 11:23:17 2023
216,san angelo,31.4638,-100.437,30.02,64,0,4.47,US,Sat Jun 10 11:19:15 2023
217,kannus,63.9,23.9,16.81,34,25,3.73,FI,Sat Jun 10 11:23:17 2023
218,mount pearl,47.5166,-52.7813,8.8,98,100,4.63,CA,Sat Jun 10 11:23:17 2023
219,matoury,4.8483,-52.3317,28.98,65,75,3.6,GF,Sat Jun 10 11:23:17 2023
220,ak-suu,42.4995,78.527,16.5,62,100,2.43,KG,Sat Jun 10 11:23:17 2023
221,carutapera,-1.195,-46.02,30.27,63,57,4.57,BR,Sat Jun 10 11:23:17 2023
222,kuching,1.55,110.3333,26.12,94,20,1.54,MY,Sat Jun 10 11:23:17 2023
223,umm kaddadah,13.6017,26.6876,28.38,51,100,3.54,SD,Sat Jun 10 11:23:18 2023
224,kolonia town,6.964,158.206,25.0,94,100,0.0,FM,Sat Jun 10 11:23:18 2023
225,ingeniero jacobacci,-41.3427,-69.5448,1.67,59,86,7.23,AR,Sat Jun 10 11:23:18 2023
226,ormara,25.2088,64.6357,29.09,84,0,5.2,PK,Sat Jun 10 11:23:18 2023
227,gaspra,44.4333,34.1,19.58,84,99,1.82,UA,Sat Jun 10 11:23:18 2023
228,santa cruz,-17.8,-63.1667,27.03,74,75,7.72,BO,Sat Jun 10 11:22:41 2023
229,sirjan,29.452,55.6814,31.16,13,9,2.65,IR,Sat Jun 10 11:23:18 2023
230,moranbah,-22.0016,148.0466,15.26,90,1,3.61,AU,Sat Jun 10 11:23:18 2023
231,gasa,31.5,34.4667,27.71,66,0,4.99,PS,Sat Jun 10 11:23:18 2023
232,peace river,56.2501,-117.286,20.92,61,100,3.09,CA,Sat Jun 10 11:23:19 2023
233,calabozo,8.9242,-67.4293,29.64,66,64,3.8,VE,Sat Jun 10 11:23:19 2023
234,ust-tsilma,65.441,52.1498,6.44,75,100,5.57,RU,Sat Jun 10 11:23:19 2023
235,fabens,31.5023,-106.1586,26.62,15,10,3.43,US,Sat Jun 10 11:23:19 2023
236,deqen,29.9618,90.7188,13.47,63,64,2.65,CN,Sat Jun 10 11:23:19 2023
237,mwene-ditu,-7.0,23.45,30.01,35,62,1.34,CD,Sat Jun 10 11:23:19 2023
238,fredericton,45.9454,-66.6656,15.24,77,100,1.03,CA,Sat Jun 10 11:23:19 2023
239,alofi,-19.0595,-169.9187,23.94,94,26,3.09,NU,Sat Jun 10 11:23:19 2023
240,afaahiti,-17.75,-149.2833,20.93,69,99,6.57,PF,Sat Jun 10 11:23:14 2023
241,selfoss,63.9331,-20.9971,10.02,53,56,6.96,IS,Sat Jun 10 11:23:20 2023
242,plainview,40.7765,-73.4673,23.04,54,0,2.06,US,Sat Jun 10 11:23:20 2023
243,port saint john's,-31.6229,29.5448,17.38,64,0,2.99,ZA,Sat Jun 10 11:23:20 2023
244,buala,-8.145,159.5921,26.68,82,91,2.78,SB,Sat Jun 10 11:23:20 2023
245,twon-brass,4.3151,6.2418,27.9,74,29,6.41,NG,Sat Jun 10 11:23:20 2023
246,kudat,6.8837,116.8477,25.96,100,20,1.03,MY,Sat Jun 10 11:23:20 2023
247,ain oussera,35.4514,2.9058,29.32,21,1,5.24,DZ,Sat Jun 10 11:23:21 2023
248,roxborough park,39.4739,-105.0853,21.42,49,2,1.79,US,Sat Jun 10 11:23:21 2023
249,naze,28.3667,129.4833,24.51,88,100,2.62,JP,Sat Jun 10 11:23:21 2023
250,tsiombe,-25.3,45.4833,20.9,77,0,2.15,MG,Sat Jun 10 11:23:21 2023
251,banda aceh,5.5577,95.3222,28.29,74,98,5.08,ID,Sat Jun 10 11:23:21 2023
252,maceio,-9.6658,-35.7353,28.69,61,40,4.63,BR,Sat Jun 10 11:23:21 2023
253,colonia,50.9333,6.95,31.09,26,0,4.12,DE,Sat Jun 10 11:19:59 2023
254,dzhalagash,45.0833,64.6667,28.43,18,2,5.83,KZ,Sat Jun 10 11:23:21 2023
255,morondava,-20.2833,44.2833,24.37,65,2,5.18,MG,Sat Jun 10 11:23:21 2023
256,alo,7.4178,6.7371,31.75,58,95,2.89,NG,Sat Jun 10 11:23:22 2023
257,codrington,-38.2667,141.9667,11.15,91,53,4.23,AU,Sat Jun 10 11:23:22 2023
258,korsakov,46.6328,142.7813,10.91,98,100,2.17,RU,Sat Jun 10 11:23:22 2023
259,abepura,-2.6333,140.5833,25.45,89,20,0.0,ID,Sat Jun 10 11:23:22 2023
260,preobrazheniye,42.9019,133.9064,11.83,93,17,1.94,RU,Sat Jun 10 11:23:22 2023
261,iacu,-12.7672,-40.2117,31.88,29,4,3.64,BR,Sat Jun 10 11:23:22 2023
262,badger,64.8,-147.5333,13.14,75,0,1.54,US,Sat Jun 10 11:23:22 2023
263,betio village,1.358,172.9211,29.02,77,38,4.3,KI,Sat Jun 10 11:20:19 2023
264,chuguyevka,44.1653,133.8633,12.06,96,8,1.51,RU,Sat Jun 10 11:23:22 2023
265,howard springs,-12.497,131.047,23.95,78,62,2.06,AU,Sat Jun 10 11:23:23 2023
266,manismata,-2.4667,111.0333,24.15,92,68,1.31,ID,Sat Jun 10 11:23:23 2023
267,yangliuqing,39.1375,116.9997,19.97,46,28,3.5,CN,Sat Jun 10 11:23:23 2023
268,egilsstadir,65.2653,-14.3948,10.95,66,75,2.06,IS,Sat Jun 10 11:23:23 2023
269,polyarnyy,69.1989,33.4478,6.98,61,100,3.11,RU,Sat Jun 10 11:23:23 2023
270,saint-francois,46.4154,3.9054,25.93,61,31,3.09,FR,Sat Jun 10 11:18:54 2023
271,fisterra,42.9049,-9.2629,22.23,87,70,4.79,ES,Sat Jun 10 11:23:23 2023
272,illizi,26.4833,8.4667,45.89,6,4,5.24,DZ,Sat Jun 10 11:23:23 2023
273,kokshetau,53.2775,69.3883,17.55,50,40,2.44,KZ,Sat Jun 10 11:23:24 2023
274,mcminnville,45.2101,-123.1987,16.36,74,100,1.54,US,Sat Jun 10 11:23:24 2023
275,manta,-0.95,-80.7333,27.88,89,75,7.6,EC,Sat Jun 10 11:23:24 2023
276,ola,59.5833,151.2833,5.74,93,45,1.52,RU,Sat Jun 10 11:23:24 2023
277,klyuchi,52.2667,79.1667,16.71,66,0,3.12,RU,Sat Jun 10 11:23:24 2023
278,kani keli,-12.9536,45.1033,26.59,74,6,4.7,YT,Sat Jun 10 11:23:24 2023
279,antsiranana,-12.2787,49.2917,26.42,69,20,5.14,MG,Sat Jun 10 11:23:24 2023
280,seydi,39.4816,62.9137,32.61,9,16,6.51,TM,Sat Jun 10 11:23:24 2023
281,shelui,-4.3667,34.2,29.36,30,90,3.3,TZ,Sat Jun 10 11:23:24 2023
282,sovetskaya gavan',48.9723,140.2878,9.51,95,99,1.58,RU,Sat Jun 10 11:23:25 2023
283,hanceville,34.0607,-86.7675,26.95,58,52,1.81,US,Sat Jun 10 11:23:25 2023
284,saipan,15.1355,145.701,28.39,100,20,2.68,MP,Sat Jun 10 11:23:25 2023
285,vidalia,32.2177,-82.4135,27.97,42,0,1.54,US,Sat Jun 10 11:23:25 2023
286,ilulissat,69.2167,-51.1,5.01,87,75,4.12,GL,Sat Jun 10 11:23:25 2023
287,ambalavao,-21.8333,46.9333,17.08,66,30,0.92,MG,Sat Jun 10 11:23:25 2023
288,la ronge,55.1001,-105.2842,18.12,55,0,3.6,CA,Sat Jun 10 11:20:20 2023
289,canton,23.1167,113.25,28.82,86,96,1.39,CN,Sat Jun 10 11:22:04 2023
290,el calafate,-50.3408,-72.2768,1.05,70,1,5.16,AR,Sat Jun 10 11:23:25 2023
291,akureyri,65.6835,-18.0878,11.96,32,75,4.63,IS,Sat Jun 10 11:23:25 2023
292,vershino-darasunskiy,52.35,115.5167,10.6,76,3,0.56,RU,Sat Jun 10 11:23:26 2023
293,hirara,24.8,125.2833,26.15,94,82,2.06,JP,Sat Jun 10 11:23:26 2023
294,nadym,65.5333,72.5167,15.26,43,100,8.28,RU,Sat Jun 10 11:23:26 2023
295,tolanaro,-25.0319,46.9987,23.04,88,20,2.06,MG,Sat Jun 10 11:23:26 2023
296,new norfolk,-42.7826,147.0587,11.72,83,57,4.47,AU,Sat Jun 10 11:23:26 2023
297,bodo,67.28,14.405,15.02,51,0,2.06,NO,Sat Jun 10 11:23:26 2023
298,linkou,45.3,130.2833,12.89,97,18,1.49,CN,Sat Jun 10 11:23:26 2023
299,tabora,-5.0167,32.8,24.88,46,90,1.81,TZ,Sat Jun 10 11:23:26 2023
300,nago,26.5881,127.9761,28.03,91,45,3.44,JP,Sat Jun 10 11:23:26 2023
301,suva,-18.1416,178.4415,19.71,94,75,1.54,FJ,Sat Jun 10 11:23:27 2023
302,tchibanga,-2.85,11.0333,26.89,74,94,1.58,GA,Sat Jun 10 11:23:27 2023
303,meadow lakes,61.6247,-149.6011,10.97,69,75,0.89,US,Sat Jun 10 11:23:27 2023
304,ilula,-7.6766,36.0366,19.11,71,3,3.03,TZ,Sat Jun 10 11:23:27 2023
305,san juan bautista,-14.0108,-75.7358,21.66,57,0,1.72,PE,Sat Jun 10 11:23:27 2023
306,bitam,2.076,11.5007,32.03,55,75,1.19,GA,Sat Jun 10 11:23:27 2023
307,laguna,38.421,-121.4238,15.65,83,75,3.6,US,Sat Jun 10 11:23:27 2023
308,fuxin,42.0156,121.6589,16.14,57,74,2.53,CN,Sat Jun 10 11:23:27 2023
309,baiao,-2.7906,-49.6717,31.5,56,9,1.96,BR,Sat Jun 10 11:23:27 2023
310,qiancheng,27.185,109.7654,25.71,74,100,0.54,CN,Sat Jun 10 11:23:28 2023
311,refahiye,39.9008,38.7667,13.91,78,44,6.19,TR,Sat Jun 10 11:23:28 2023
312,talara,-4.5772,-81.2719,27.42,69,0,7.72,PE,Sat Jun 10 11:23:28 2023
313,brookings,44.3114,-96.7984,23.92,77,75,3.09,US,Sat Jun 10 11:23:28 2023
314,meadow lake,34.8014,-106.5436,23.45,25,10,3.31,US,Sat Jun 10 11:23:28 2023
315,albina,5.5,-54.05,30.85,62,48,1.81,SR,Sat Jun 10 11:23:28 2023
316,arteche,12.2645,125.4048,26.53,87,100,2.55,PH,Sat Jun 10 11:23:28 2023
317,ust-nera,64.5667,143.2,10.41,88,38,2.37,RU,Sat Jun 10 11:23:29 2023
318,charters towers,-20.1,146.2667,15.42,88,0,2.99,AU,Sat Jun 10 11:23:29 2023
319,mossel bay,-34.1831,22.146,15.93,67,6,2.36,ZA,Sat Jun 10 11:23:29 2023
320,poronaysk,49.2167,143.1167,8.16,98,100,2.6,RU,Sat Jun 10 11:23:29 2023
321,puerto armuelles,8.2833,-82.8667,28.99,88,97,2.24,PA,Sat Jun 10 11:23:29 2023
322,mersa matruh,31.3525,27.2453,23.72,70,18,6.51,EG,Sat Jun 10 11:23:29 2023
323,sibay,52.7181,58.6658,19.95,59,95,2.24,RU,Sat Jun 10 11:23:29 2023
324,paita,-5.0892,-81.1144,24.59,71,9,5.48,PE,Sat Jun 10 11:23:29 2023
325,port isabel,26.0734,-97.2086,32.23,68,40,6.17,US,Sat Jun 10 11:23:30 2023
326,tommot,58.9564,126.2925,13.14,84,70,1.36,RU,Sat Jun 10 11:23:30 2023
327,maumere,-8.6199,122.2111,25.83,75,71,1.05,ID,Sat Jun 10 11:23:30 2023
328,dampit,-8.2116,112.7493,21.03,98,70,1.31,ID,Sat Jun 10 11:23:30 2023
329,nuuk,64.1835,-51.7216,7.34,65,75,13.89,GL,Sat Jun 10 11:23:30 2023
330,tarnova,46.3167,21.8,25.97,59,12,1.27,RO,Sat Jun 10 11:23:30 2023
331,yuzhno-kurilsk,44.0306,145.8556,8.69,98,98,1.62,RU,Sat Jun 10 11:23:30 2023
332,guarapari,-20.6667,-40.4975,28.83,58,0,1.57,BR,Sat Jun 10 11:19:39 2023
333,dondo,-19.6094,34.7431,25.48,60,0,3.75,MZ,Sat Jun 10 11:23:30 2023
334,nar'yan-mar,67.6713,53.087,5.81,60,100,9.21,RU,Sat Jun 10 11:23:30 2023
335,fortuna,40.5982,-124.1573,12.19,96,75,0.0,US,Sat Jun 10 11:23:31 2023
336,feijo,-8.1642,-70.3536,26.6,90,73,0.81,BR,Sat Jun 10 11:23:31 2023
337,wynyard,-41.0,145.7167,11.1,81,18,2.1,AU,Sat Jun 10 11:23:31 2023
338,mbandaka,0.0487,18.2603,26.18,72,82,1.32,CD,Sat Jun 10 11:23:31 2023
339,les anglais,18.3054,-74.2197,29.9,68,100,4.99,HT,Sat Jun 10 11:23:31 2023
340,port moresby,-9.4431,147.1797,24.68,88,40,5.14,PG,Sat Jun 10 11:23:31 2023
341,baxter,46.3433,-94.2867,20.9,82,100,3.09,US,Sat Jun 10 11:23:31 2023
342,vilyuysk,63.7553,121.6247,22.52,47,83,5.0,RU,Sat Jun 10 11:23:31 2023
343,walvis bay,-22.9575,14.5053,18.1,60,10,4.99,NA,Sat Jun 10 11:23:32 2023
344,gorontalo,0.5412,123.0595,24.51,93,19,1.07,ID,Sat Jun 10 11:23:32 2023
345,karatuzskoye,53.6072,92.8667,18.06,98,100,2.28,RU,Sat Jun 10 11:23:32 2023
346,covilha,40.286,-7.504,21.6,61,95,1.76,PT,Sat Jun 10 11:23:32 2023
347,batouri,4.4333,14.3667,26.89,66,99,0.94,CM,Sat Jun 10 11:23:32 2023
348,williston,48.147,-103.618,17.8,58,1,1.34,US,Sat Jun 10 11:23:32 2023
349,manacapuru,-3.2997,-60.6206,30.73,62,100,1.83,BR,Sat Jun 10 11:22:03 2023
350,vila franca do campo,37.7167,-25.4333,20.23,64,6,5.7,PT,Sat Jun 10 11:23:32 2023
351,talakan,50.3167,130.3667,14.88,95,94,0.93,RU,Sat Jun 10 11:23:32 2023
352,bojia,26.4672,111.9681,25.65,68,99,1.09,CN,Sat Jun 10 11:23:32 2023
353,es castell,39.8795,4.2854,26.38,57,20,3.6,ES,Sat Jun 10 11:23:33 2023
354,kununurra,-15.7667,128.7333,19.99,77,36,0.0,AU,Sat Jun 10 11:23:33 2023
355,villa gesell,-37.2639,-56.973,10.59,45,63,7.85,AR,Sat Jun 10 11:23:33 2023
356,deschutes river woods,43.9915,-121.3584,15.05,65,0,1.34,US,Sat Jun 10 11:23:33 2023
357,sarupathar,26.1984,93.8094,26.47,89,97,1.2,IN,Sat Jun 10 11:23:33 2023
358,tokar,18.4254,37.729,38.71,28,6,8.08,SD,Sat Jun 10 11:23:33 2023
359,ginir,7.1333,40.7,18.72,75,99,3.91,ET,Sat Jun 10 11:23:33 2023
360,pandan,14.0453,124.1694,27.85,80,83,5.6,PH,Sat Jun 10 11:23:33 2023
361,kill devil hills,36.0307,-75.676,26.0,58,0,3.09,US,Sat Jun 10 11:23:34 2023
362,qusmuryn,52.4503,64.6311,22.92,33,46,3.0,KZ,Sat Jun 10 11:23:34 2023
363,susuman,62.7833,148.1667,11.73,73,58,1.78,RU,Sat Jun 10 11:23:34 2023
364,newman,37.3138,-121.0208,16.19,54,100,3.13,US,Sat Jun 10 11:23:34 2023
365,ketchikan,55.3422,-131.6461,12.26,76,75,5.66,US,Sat Jun 10 11:23:34 2023
366,chui,-33.6971,-53.4616,15.63,60,59,2.81,UY,Sat Jun 10 11:23:34 2023
367,puri,19.8,85.85,28.29,64,100,4.24,IN,Sat Jun 10 11:23:34 2023
368,flekkefjord,58.2971,6.6607,21.02,40,20,5.56,NO,Sat Jun 10 11:23:34 2023
369,yesilhisar,38.3497,35.0867,20.25,55,71,2.01,TR,Sat Jun 10 11:23:34 2023
370,cidade velha,14.9167,-23.6167,30.26,54,0,6.69,CV,Sat Jun 10 11:23:35 2023
371,barcelos,41.5388,-8.6151,23.84,65,41,4.02,PT,Sat Jun 10 11:23:35 2023
372,labytnangi,66.6572,66.4183,10.76,79,100,5.59,RU,Sat Jun 10 11:23:35 2023
373,nabire,-3.3667,135.4833,24.95,91,98,1.32,ID,Sat Jun 10 11:23:35 2023
374,mitu,1.1983,-70.1733,29.94,61,17,1.22,CO,Sat Jun 10 11:23:35 2023
375,kingston,17.997,-76.7936,30.69,77,20,6.69,JM,Sat Jun 10 11:22:53 2023
376,tekeli,44.83,78.8239,19.49,58,94,3.07,KZ,Sat Jun 10 11:23:35 2023
377,sisimiut,66.9395,-53.6735,7.93,49,100,18.67,GL,Sat Jun 10 11:23:35 2023
378,paulista florida,-21.6,-51.2,26.47,40,0,4.11,BR,Sat Jun 10 11:23:35 2023
379,pauini,-7.7136,-66.9764,31.06,58,62,1.02,BR,Sat Jun 10 11:23:36 2023
380,maun,-19.9833,23.4167,28.93,13,2,2.3,BW,Sat Jun 10 11:23:36 2023
381,kudahuvadhoo,2.6708,72.8944,28.49,76,87,2.48,MV,Sat Jun 10 11:21:17 2023
382,erechim,-27.6342,-52.2739,22.5,52,0,4.91,BR,Sat Jun 10 11:23:36 2023
383,russkaya polyana,49.417,31.9201,19.4,74,99,8.24,UA,Sat Jun 10 11:23:36 2023
384,pariaman,-0.619,100.12,25.03,87,100,1.74,ID,Sat Jun 10 11:23:36 2023
385,polohy,47.4844,36.2536,22.42,61,100,3.72,UA,Sat Jun 10 11:23:36 2023
386,oum hadjer,13.2954,19.6966,30.04,50,98,1.14,TD,Sat Jun 10 11:23:36 2023
387,bogandinskiy,56.8937,65.8938,20.29,55,31,2.59,RU,Sat Jun 10 11:23:36 2023
388,weno,7.4515,151.8468,24.97,100,100,1.54,FM,Sat Jun 10 11:23:37 2023
389,benito juarez,19.385,-99.165,22.78,48,0,2.06,MX,Sat Jun 10 11:22:20 2023
390,amga,60.8953,131.9608,11.98,68,99,0.27,RU,Sat Jun 10 11:23:37 2023
391,ebon,4.582,168.6964,26.81,82,100,5.31,MH,Sat Jun 10 11:21:14 2023
392,todos santos,23.45,-110.2167,21.64,60,1,4.0,MX,Sat Jun 10 11:23:37 2023
393,tongchuanshi,35.0806,109.0897,24.07,38,100,0.9,CN,Sat Jun 10 11:23:37 2023
394,verkhovazh'ye,60.7472,42.0465,8.53,63,100,4.17,RU,Sat Jun 10 11:23:37 2023
395,sarankhola,22.3082,89.7897,26.55,74,99,1.52,BD,Sat Jun 10 11:23:37 2023
396,urucara,-2.5364,-57.76,32.84,50,24,2.47,BR,Sat Jun 10 11:23:37 2023
397,savanna-la-mar,18.219,-78.1332,27.97,68,98,5.52,JM,Sat Jun 10 11:23:37 2023
398,santa helena de goias,-17.8136,-50.5969,28.19,38,0,2.31,BR,Sat Jun 10 11:23:38 2023
399,port shepstone,-30.7414,30.455,18.11,63,0,5.92,ZA,Sat Jun 10 11:23:38 2023
400,opelika,32.6454,-85.3783,27.7,56,6,0.89,US,Sat Jun 10 11:23:38 2023
401,atbara,17.7022,33.9864,42.0,15,25,2.78,SD,Sat Jun 10 11:23:38 2023
402,colby,39.3958,-101.0524,20.46,72,0,6.69,US,Sat Jun 10 11:19:11 2023
403,manastirea,44.2167,26.9,27.79,34,81,3.72,RO,Sat Jun 10 11:23:38 2023
404,nagqu,31.5,92.0,5.38,75,92,3.62,CN,Sat Jun 10 11:23:38 2023
405,usinsk,65.9939,57.5281,5.45,92,92,6.3,RU,Sat Jun 10 11:23:38 2023
406,chardara,41.2547,67.9692,31.18,28,19,8.97,KZ,Sat Jun 10 11:23:38 2023
407,letychiv,49.3826,27.6305,20.81,73,69,4.9,UA,Sat Jun 10 11:23:38 2023
408,la gi,10.6667,107.7833,25.91,90,100,2.64,VN,Sat Jun 10 11:23:39 2023
409,sim,54.993,57.6982,15.74,96,99,2.25,RU,Sat Jun 10 11:23:39 2023
410,kirakira,-10.4544,161.9205,25.89,87,80,2.9,SB,Sat Jun 10 11:23:39 2023
411,villa emilio carranza,19.9667,-96.6,29.69,74,15,2.39,MX,Sat Jun 10 11:23:39 2023
412,zhosaly,45.4878,64.0781,30.14,14,34,7.15,KZ,Sat Jun 10 11:23:39 2023
413,mata-utu,-13.2816,-176.1745,27.86,78,16,6.48,WF,Sat Jun 10 11:23:39 2023
414,nova sintra,14.8667,-24.7167,22.02,84,6,8.17,CV,Sat Jun 10 11:23:39 2023
415,sabinas,27.85,-101.1167,27.85,68,20,0.73,MX,Sat Jun 10 11:23:39 2023
416,shahpura,27.3833,75.9667,36.48,20,0,5.51,IN,Sat Jun 10 11:18:48 2023
417,waingapu,-9.6567,120.2641,25.01,89,88,3.23,ID,Sat Jun 10 11:23:39 2023
418,balabac,7.9868,117.0645,27.67,81,98,3.53,PH,Sat Jun 10 11:23:40 2023
419,gobabis,-22.45,18.9667,24.89,10,0,1.38,NA,Sat Jun 10 11:23:40 2023
420,dongning,44.0622,131.1207,12.44,96,90,1.02,CN,Sat Jun 10 11:23:40 2023
421,nyurba,63.2842,118.3319,21.61,51,18,4.54,RU,Sat Jun 10 11:23:40 2023
422,moab,38.5733,-109.5498,25.34,30,4,0.87,US,Sat Jun 10 11:23:40 2023
423,east ballina,-28.8667,153.5833,10.44,82,43,1.4,AU,Sat Jun 10 11:23:40 2023
424,mermoz boabab,14.7065,-17.4758,32.31,70,0,7.2,SN,Sat Jun 10 11:23:40 2023
425,glace bay,46.1969,-59.957,16.72,68,75,3.09,CA,Sat Jun 10 11:23:40 2023
426,necochea,-38.5473,-58.7368,11.22,53,5,9.02,AR,Sat Jun 10 11:23:40 2023
427,luganville,-15.5333,167.1667,24.16,78,100,4.72,VU,Sat Jun 10 11:23:41 2023
428,dowlatabad,32.7998,51.6955,29.82,17,40,5.14,IR,Sat Jun 10 11:23:41 2023
429,ko pha ngan,9.7578,100.0291,26.38,71,100,7.23,TH,Sat Jun 10 11:23:41 2023
430,el charco,2.4769,-78.1105,28.81,74,18,0.28,CO,Sat Jun 10 11:23:41 2023
431,la sarre,48.8002,-79.1996,19.29,60,57,1.69,CA,Sat Jun 10 11:23:41 2023
432,saudarkrokur,65.7461,-19.6394,8.42,53,94,8.36,IS,Sat Jun 10 11:23:41 2023
433,hengchun,22.0042,120.7439,28.32,77,56,2.24,TW,Sat Jun 10 11:22:40 2023
434,novodvinsk,64.4165,40.8122,7.99,58,95,5.05,RU,Sat Jun 10 11:23:41 2023
435,sept-iles,50.2001,-66.3821,15.03,75,100,3.09,CA,Sat Jun 10 11:23:41 2023
436,yunfu,22.9306,112.0373,26.78,89,100,1.17,CN,Sat Jun 10 11:23:41 2023
437,sao joao da barra,-21.6403,-41.0511,28.05,54,0,3.18,BR,Sat Jun 10 11:23:42 2023
438,ishqoshim,36.7248,71.6133,17.72,47,97,2.16,TJ,Sat Jun 10 11:21:43 2023
439,mohr,54.3528,9.7167,22.2,59,6,10.8,DE,Sat Jun 10 11:23:42 2023
440,sinabang,2.4803,96.3801,27.17,82,69,2.25,ID,Sat Jun 10 11:23:42 2023
441,mahanoro,-19.9,48.8,22.74,84,0,2.72,MG,Sat Jun 10 11:23:42 2023
442,purranque,-40.9167,-73.1667,7.38,88,64,1.02,CL,Sat Jun 10 11:23:42 2023
443,lazaro cardenas,17.9583,-102.2,29.88,56,100,0.56,MX,Sat Jun 10 11:23:42 2023
444,embi,48.8264,58.1442,26.62,24,42,4.94,KZ,Sat Jun 10 11:23:42 2023
445,swainsboro,32.5974,-82.3337,27.94,36,0,3.6,US,Sat Jun 10 11:23:42 2023
446,sao joao dos patos,-6.495,-43.7022,32.77,36,0,3.6,BR,Sat Jun 10 11:23:43 2023
447,holualoa,19.6228,-155.9522,21.91,88,0,3.13,US,Sat Jun 10 11:23:43 2023
448,lerwick,60.1545,-1.1494,13.0,80,100,7.49,GB,Sat Jun 10 11:23:43 2023
449,mahina,-17.5065,-149.489,21.87,73,20,2.06,PF,Sat Jun 10 11:23:43 2023
450,saint-philippe,-21.3585,55.7679,24.77,83,58,5.23,RE,Sat Jun 10 11:23:43 2023
451,souillac,-20.5167,57.5167,24.21,69,20,2.57,MU,Sat Jun 10 11:23:43 2023
452,amursk,50.2261,136.8994,13.19,89,1,3.59,RU,Sat Jun 10 11:23:43 2023
453,mapimi,25.8167,-103.85,27.95,23,12,5.43,MX,Sat Jun 10 11:23:43 2023
454,north bend,43.4065,-124.2243,15.14,94,100,1.54,US,Sat Jun 10 11:19:44 2023
455,nurhak,37.9629,37.4202,23.06,33,20,4.73,TR,Sat Jun 10 11:23:44 2023
456,yarmouth,41.7057,-70.2286,19.08,83,40,4.92,US,Sat Jun 10 11:21:04 2023
457,tubarjal,30.4999,38.216,36.85,14,9,7.56,SA,Sat Jun 10 11:23:44 2023
458,atasu,48.6814,71.6433,20.54,33,2,3.7,KZ,Sat Jun 10 11:23:44 2023
459,ouesso,1.6136,16.0517,30.53,53,100,0.82,CG,Sat Jun 10 11:23:44 2023
460,hajin,34.6927,40.827,25.65,53,88,9.25,SY,Sat Jun 10 11:23:44 2023
461,chiroqchi,39.0336,66.5722,32.22,22,70,5.99,UZ,Sat Jun 10 11:23:44 2023
462,lospalos,-8.5186,127.0025,22.43,83,28,3.99,TL,Sat Jun 10 11:23:44 2023
463,geraldton,-28.7667,114.6,15.23,94,100,3.6,AU,Sat Jun 10 11:23:44 2023
464,shache,38.4167,77.2406,29.52,14,0,2.46,CN,Sat Jun 10 11:23:44 2023
465,san rafael del norte,13.2125,-86.1106,27.28,61,20,0.0,NI,Sat Jun 10 11:23:45 2023
466,formosa,-26.1775,-58.1781,27.99,72,75,6.69,AR,Sat Jun 10 11:20:59 2023
467,spanish wells,26.323,-81.7957,31.68,65,75,1.54,US,Sat Jun 10 11:23:45 2023
468,tekirova,36.5017,30.5272,26.66,52,70,3.15,TR,Sat Jun 10 11:23:45 2023
469,namibe,-15.1961,12.1522,20.58,73,45,3.9,AO,Sat Jun 10 11:23:45 2023
470,rabo de peixe,37.8,-25.5833,19.73,64,20,5.14,PT,Sat Jun 10 11:23:45 2023
471,atar,20.5169,-13.0499,43.03,17,0,4.12,MR,Sat Jun 10 11:23:45 2023
472,chortkiv,49.0171,25.798,25.81,70,90,3.51,UA,Sat Jun 10 11:23:45 2023
473,kapa'a,22.0752,-159.319,22.33,91,100,4.84,US,Sat Jun 10 11:23:45 2023
474,mumford,5.2618,-0.759,26.21,82,100,6.92,GH,Sat Jun 10 11:23:46 2023
475,grand-lahou,5.1367,-5.0242,25.51,91,100,5.14,CI,Sat Jun 10 11:23:46 2023
476,kosong,38.3788,128.4676,16.27,96,99,0.5,KR,Sat Jun 10 11:23:46 2023
477,ziro,27.6333,93.8333,15.9,90,98,0.58,IN,Sat Jun 10 11:23:46 2023
478,ashland,40.8167,-82.2665,23.9,67,33,4.2,US,Sat Jun 10 11:23:46 2023
479,ilomantsi,62.6716,30.9328,15.39,34,52,2.92,FI,Sat Jun 10 11:23:46 2023
480,zhuanghe,39.7008,122.9911,16.81,88,67,4.72,CN,Sat Jun 10 11:23:46 2023
481,knyaze-volkonskoye,48.4642,135.4567,15.19,91,71,2.26,RU,Sat Jun 10 11:23:46 2023
482,pyin oo lwin,22.0333,96.4667,20.61,89,89,0.42,MM,Sat Jun 10 11:23:47 2023
483,fort mcmurray,56.7268,-111.381,19.77,59,0,4.12,CA,Sat Jun 10 11:23:47 2023
484,plettenberg bay,-34.0527,23.3716,15.05,71,6,2.51,ZA,Sat Jun 10 11:23:47 2023
485,smolyan,41.5853,24.6919,14.25,93,100,0.63,BG,Sat Jun 10 11:23:47 2023
486,banki,20.3833,85.5333,28.06,55,100,2.65,IN,Sat Jun 10 11:23:47 2023
487,lorengau,-2.0226,147.2712,27.53,78,53,2.6,PG,Sat Jun 10 11:23:47 2023
488,energetik,51.7445,58.7934,22.12,46,57,2.88,RU,Sat Jun 10 11:23:47 2023
489,metlili chaamba,32.2667,3.6333,36.52,18,2,3.6,DZ,Sat Jun 10 11:23:47 2023
490,kayyerkan,69.3786,87.7439,5.72,60,2,3.84,RU,Sat Jun 10 11:23:47 2023
491,moncarapacho,37.0886,-7.7872,24.9,75,20,7.2,PT,Sat Jun 10 11:23:47 2023
492,el granada,37.5027,-122.4694,14.47,89,100,4.12,US,Sat Jun 10 11:23:48 2023
493,longyearbyen,78.2186,15.6401,4.91,81,75,3.09,SJ,Sat Jun 10 11:21:11 2023
494,bagan serai,5.0108,100.541,30.01,81,99,0.73,MY,Sat Jun 10 11:23:48 2023
495,puerto princesa,9.7392,118.7353,26.99,89,40,2.06,PH,Sat Jun 10 11:23:48 2023
496,naryn,41.4287,75.9911,18.51,45,72,3.18,KG,Sat Jun 10 11:23:48 2023
497,kota tinggi,1.7381,103.8999,29.02,90,6,1.19,MY,Sat Jun 10 11:23:48 2023
498,puerto aysen,-45.4,-72.7,4.18,93,91,1.45,CL,Sat Jun 10 11:23:48 2023
499,pingliang,35.5392,106.6861,21.02,35,100,2.76,CN,Sat Jun 10 11:23:48 2023
500,bintulu,3.1667,113.0333,26.23,89,20,1.03,MY,Sat Jun 10 11:23:48 2023
501,estherville,43.4016,-94.8328,21.29,88,100,1.54,US,Sat Jun 10 11:19:58 2023
502,ironwood,46.4547,-90.171,15.31,88,100,5.14,US,Sat Jun 10 11:19:40 2023
503,callao,-12.0667,-77.15,24.84,64,75,4.12,PE,Sat Jun 10 11:23:49 2023
504,zakynthos,37.7914,20.8953,25.62,65,75,2.06,GR,Sat Jun 10 11:23:49 2023
505,orchard homes,46.8633,-114.0484,15.89,89,100,0.89,US,Sat Jun 10 11:20:34 2023
506,bardai,11.65,7.2333,33.94,35,97,1.01,NG,Sat Jun 10 11:23:49 2023
507,leava,-14.3,-178.1667,27.36,80,32,7.85,WF,Sat Jun 10 11:23:49 2023
508,lijiang,26.8688,100.2207,10.94,95,100,0.87,CN,Sat Jun 10 11:23:49 2023
509,mar del plata,-38.0023,-57.5575,12.19,49,20,9.26,AR,Sat Jun 10 11:23:49 2023
510,derazhnya,49.2692,27.4338,21.81,70,58,5.13,UA,Sat Jun 10 11:23:50 2023
511,guerrero negro,27.9769,-114.0611,17.21,70,89,5.99,MX,Sat Jun 10 11:23:50 2023
512,jabor,5.921,169.6434,26.81,81,100,2.83,MH,Sat Jun 10 11:21:14 2023
513,galveston,29.3669,-94.9669,31.7,76,20,7.2,US,Sat Jun 10 11:22:29 2023
514,sparti,37.0733,22.4297,26.67,50,59,1.52,GR,Sat Jun 10 11:23:50 2023
515,margate,51.3813,1.3862,21.04,71,0,7.21,GB,Sat Jun 10 11:23:50 2023
516,gurupi,-11.7292,-49.0686,33.17,35,54,3.09,BR,Sat Jun 10 11:23:50 2023
517,barhi,23.9,80.8,36.42,21,17,3.61,IN,Sat Jun 10 11:23:50 2023
518,jaca,42.569,-0.5499,26.66,67,100,1.56,ES,Sat Jun 10 11:23:50 2023
519,nobeoka,32.5833,131.6667,20.5,97,100,3.27,JP,Sat Jun 10 11:23:23 2023
520,yichang,30.7144,111.2847,27.44,57,100,1.87,CN,Sat Jun 10 11:23:51 2023
521,agua branca,-5.8922,-42.6361,33.64,37,13,3.18,BR,Sat Jun 10 11:23:51 2023
522,lata,40.1629,-8.3327,23.93,63,100,3.4,PT,Sat Jun 10 11:23:51 2023
523,kharkhorin,47.1975,102.8238,15.75,66,69,2.57,MN,Sat Jun 10 11:23:51 2023
524,kathu,7.9178,98.3332,29.83,99,100,3.52,TH,Sat Jun 10 11:23:51 2023
525,juticalpa,14.65,-86.2,31.08,66,79,0.51,HN,Sat Jun 10 11:22:35 2023
526,prince rupert,54.3161,-130.3201,11.05,93,100,8.23,CA,Sat Jun 10 11:23:08 2023
527,uturoa,-16.7333,-151.4333,26.31,69,100,6.42,PF,Sat Jun 10 11:23:51 2023
528,touros,-5.1989,-35.4608,29.65,63,25,6.84,BR,Sat Jun 10 11:23:51 2023
529,empangeni,-28.762,31.8933,16.81,65,21,2.06,ZA,Sat Jun 10 11:23:51 2023
530,oguz,41.0708,47.4583,24.91,56,94,4.62,AZ,Sat Jun 10 11:23:52 2023
531,conduaga,8.862,117.4893,26.3,86,99,2.82,PH,Sat Jun 10 11:23:52 2023
532,aoulef,26.9667,1.0833,42.43,7,0,6.65,DZ,Sat Jun 10 11:23:52 2023
533,kailua-kona,19.6406,-155.9956,23.98,86,0,3.13,US,Sat Jun 10 11:23:52 2023
534,nchelenge,-9.3451,28.734,26.93,45,2,2.75,ZM,Sat Jun 10 11:23:52 2023
535,berdigestyakh,62.0989,126.6992,14.04,76,14,2.79,RU,Sat Jun 10 11:23:52 2023
536,ad darb,17.7229,42.2526,36.34,28,62,6.78,SA,Sat Jun 10 11:23:52 2023
537,olavarria,-36.8927,-60.3225,10.5,41,9,6.98,AR,Sat Jun 10 11:23:52 2023
538,makokou,0.5738,12.8642,25.83,84,94,1.0,GA,Sat Jun 10 11:23:52 2023
539,suncho corral,-27.9336,-63.4294,18.34,39,49,5.24,AR,Sat Jun 10 11:23:53 2023
540,bikenibeu village,1.3673,173.1241,28.98,79,40,2.06,KI,Sat Jun 10 11:23:53 2023
541,kalachinsk,55.0529,74.5751,16.95,63,32,1.08,RU,Sat Jun 10 11:23:53 2023
542,galesong,-5.3166,119.3661,25.01,84,100,2.56,ID,Sat Jun 10 11:23:53 2023
543,francisco i. madero,29.7059,-107.8043,21.08,21,0,2.9,MX,Sat Jun 10 11:23:53 2023
544,sibut,5.718,19.0739,31.08,45,99,3.13,CF,Sat Jun 10 11:23:53 2023
545,kristiansund,63.1115,7.732,21.03,52,0,2.57,NO,Sat Jun 10 11:23:53 2023
546,carnarvon,-24.8667,113.6333,19.79,68,0,4.27,AU,Sat Jun 10 11:23:53 2023
547,issoire,45.55,3.25,18.59,76,74,2.55,FR,Sat Jun 10 11:23:53 2023
548,garachico,28.7781,-17.7646,23.06,61,20,2.57,ES,Sat Jun 10 11:23:53 2023
549,grand falls-windsor,48.9332,-55.6649,6.39,94,100,1.34,CA,Sat Jun 10 11:23:54 2023
550,wielun,51.221,18.5696,23.06,51,99,6.71,PL,Sat Jun 10 11:23:54 2023
551,dwarka,22.2394,68.9678,30.12,79,47,8.09,IN,Sat Jun 10 11:23:54 2023
552,wanning,18.8003,110.3967,26.85,89,41,2.5,CN,Sat Jun 10 11:23:54 2023
553,san luis de la loma,17.2706,-100.8939,30.43,58,58,1.33,MX,Sat Jun 10 11:23:54 2023
554,san jose de feliciano,-30.3845,-58.7517,15.19,91,98,5.62,AR,Sat Jun 10 11:23:54 2023
555,mejit,10.2753,170.8646,27.74,78,100,8.16,MH,Sat Jun 10 11:23:54 2023
556,al 'amarah,31.8406,47.1396,42.36,11,2,6.51,IQ,Sat Jun 10 11:23:54 2023
557,armavir,44.9892,41.1234,22.16,72,87,0.82,RU,Sat Jun 10 11:23:55 2023
558,butte,39.6499,-121.5677,17.12,65,0,3.09,US,Sat Jun 10 11:23:55 2023
559,filadelfia,39.9523,-75.1638,25.06,51,20,4.63,US,Sat Jun 10 11:23:55 2023
560,kodinsk,58.6881,99.1844,15.04,77,96,1.78,RU,Sat Jun 10 11:23:55 2023
561,tshabong,-26.05,22.45,18.2,19,0,0.53,BW,Sat Jun 10 11:23:55 2023
562,santa ana,33.7456,-117.8678,17.91,81,100,0.0,US,Sat Jun 10 11:20:29 2023
563,vuktyl,63.8567,57.3094,4.26,88,100,5.22,RU,Sat Jun 10 11:23:55 2023
564,gorodoviki,46.1353,41.9656,21.44,64,100,3.62,RU,Sat Jun 10 11:23:55 2023
565,san antonio de pale,-1.4014,5.6325,25.02,83,100,5.67,GQ,Sat Jun 10 11:23:55 2023
566,palmer,42.1584,-72.3287,20.74,56,75,3.6,US,Sat Jun 10 11:23:55 2023
567,zyryanskoye,56.8306,86.6258,15.15,59,99,3.29,RU,Sat Jun 10 11:23:56 2023
568,woodland park,40.8898,-74.1949,22.91,53,0,4.63,US,Sat Jun 10 11:21:46 2023
569,hobyo,5.3505,48.5268,27.18,79,53,12.14,SO,Sat Jun 10 11:23:56 2023
570,kaiyuan,23.6977,103.3037,19.71,60,94,1.52,CN,Sat Jun 10 11:23:56 2023
571,porvoo,60.3923,25.6651,16.3,41,4,3.62,FI,Sat Jun 10 11:23:56 2023
572,natal,-5.795,-35.2094,30.36,62,20,7.2,BR,Sat Jun 10 11:21:47 2023
573,krutinka,56.0055,71.5113,13.56,74,0,2.75,RU,Sat Jun 10 11:23:56 2023
574,kuloy,61.0305,42.4925,8.64,60,100,3.71,RU,Sat Jun 10 11:23:56 2023
575,san pedro del parana,-26.8333,-56.2,24.16,60,79,3.29,PY,Sat Jun 10 11:23:56 2023
576,ad dabbah,18.05,30.95,41.16,18,78,6.22,SD,Sat Jun 10 11:23:56 2023
577,saint-leu,-21.15,55.2833,24.48,97,20,1.22,RE,Sat Jun 10 11:23:57 2023
578,mili,6.0815,171.735,28.07,78,99,6.13,MH,Sat Jun 10 11:23:57 2023
579,karungdong,5.8844,121.263,27.11,79,100,1.44,PH,Sat Jun 10 11:23:57 2023
580,gordon,34.5004,-84.8666,26.71,55,0,0.0,US,Sat Jun 10 11:23:57 2023
581,manggar,-2.8833,108.2667,27.93,73,1,4.83,ID,Sat Jun 10 11:23:57 2023
582,temiskaming shores,47.4938,-79.7153,17.89,48,95,1.47,CA,Sat Jun 10 11:23:57 2023
583,vakarai,55.6035,23.8213,19.29,44,43,5.74,LT,Sat Jun 10 11:23:57 2023
584,medzilaborce,49.2719,21.9007,20.63,63,62,5.13,SK,Sat Jun 10 11:23:57 2023
585,salyan,39.5936,48.9805,25.01,61,14,7.72,AZ,Sat Jun 10 11:23:57 2023
586,ko lanta,7.5336,99.0865,28.39,77,99,3.57,TH,Sat Jun 10 11:23:57 2023
587,merizo village,13.2658,144.6691,27.31,95,94,2.8,GU,Sat Jun 10 11:23:58 2023
588,ostersund,63.1792,14.6357,21.45,30,0,3.6,SE,Sat Jun 10 11:23:58 2023
589,al jawf,29.5,38.75,38.32,10,73,11.4,SA,Sat Jun 10 11:23:58 2023
590,puerto bolivar,-3.2667,-79.9833,27.0,88,75,0.45,EC,Sat Jun 10 11:23:58 2023
591,manicore,-5.8092,-61.3003,24.97,94,75,3.09,BR,Sat Jun 10 11:23:58 2023
592,luang prabang,19.8856,102.1347,23.35,99,70,0.32,LA,Sat Jun 10 11:23:58 2023
